type,year,make,model,trim,mileage,price
USED,2010,Acura,TL,Base,73936,19388
USED,2012,Acura,MDX,Technology Package,32453,34898
USED,2010,Acura,TL,Base,34302,22000
USED,2009,Acura,TL,SH-AWD,98772,17988
USED,2007,Acura,MDX,Base,65677,22777
USED,2004,Acura,TL,3.2,138197,9991
USED,2003,Acura,MDX,Touring,153399,8998
USED,2012,Acura,MDX,Base,29857,31988
USED,2009,Acura,MDX,Base,64574,23744
USED,2012,Acura,TL,Base,69693,21774
USED,2002,Acura,TL,3.2 Type-S,160217,6844
USED,2012,Acura,TL,Base,54483,20993
USED,2012,Acura,MDX,Base,51365,30988
USED,2012,Acura,TL,Technology Package,42709,25988
USED,2009,Acura,TL,SH-AWD,133239,16988
USED,2012,Acura,MDX,Technology Package,84436,27988
USED,2012,Acura,TL,Technology Package,30027,26988
USED,2003,Acura,TL,3.2 Type-S,121495,10900
USED,2012,Acura,MDX,Technology Package,36631,36500
USED,2009,Acura,TL,Base,120496,15988
USED,2004,Acura,TL,3.2,162292,7972
USED,2013,Acura,TL,Technology Package,9647,28971
USED,2006,Acura,MDX,Base,116537,10492
USED,2012,Acura,TL,Technology Package,17163,26500
USED,2005,Acura,MDX,Touring,80736,13988
USED,2002,Acura,MDX,Base,160525,7999
USED,2009,Acura,MDX,Base,58548,23988
USED,2012,Acura,TL,SH-AWD w/Technology Package,35901,28883
USED,2012,Acura,MDX,Technology Package,20301,32887
USED,2012,Acura,MDX,Technology Package,40353,29888
USED,2012,Acura,MDX,Technology Package,65960,29997
USED,2012,Acura,MDX,Base,38978,34988
USED,2005,Acura,TL,3.2,122680,10991
USED,2005,Acura,TL,3.2,72615,12671
USED,2009,Acura,MDX,Base,65301,23688
USED,2012,Acura,MDX,Base,53075,29788
USED,2008,Acura,TL,Base,54973,18981
USED,2009,Acura,TL,Base,46749,19991
USED,2012,Acura,TL,Base,36617,23991
USED,2008,Acura,MDX,Base,78926,22991
USED,2006,Acura,MDX,Base,138866,9998
USED,2010,Acura,TL,SH-AWD,72222,19981
USED,2006,Acura,MDX,Touring,163855,10881
USED,2011,Acura,MDX,Base,44687,29981
USED,2013,Acura,MDX,Technology and Entertainment Packages,23764,36988
USED,2012,Acura,MDX,Technology Package,38158,34000
USED,2007,Acura,MDX,Base,111643,18980
USED,2006,Acura,TL,Base,82858,13000
USED,2008,Acura,MDX,Base,76587,22980
USED,2009,Acura,MDX,Base,52000,26980
USED,2012,Acura,MDX,Technology Package,39314,32980
USED,2005,Acura,MDX,Touring,100529,10994
USED,2012,Acura,TL,SH-AWD w/Technology Package,69967,24500
USED,2012,Acura,MDX,Base,25033,35000
USED,2007,Acura,MDX,Base,106717,19000
USED,2008,Acura,MDX,Base,86709,22915
USED,2012,Acura,TL,Base,31830,24481
USED,2012,Acura,MDX,Advance Package,30445,33991
USED,2013,Acura,TL,Technology Package,34899,26991
USED,2012,Acura,TL,Technology Package,46673,23991
USED,2012,Acura,TL,Base,29989,22992
USED,2012,Acura,TL,Technology Package,25962,23594
USED,2006,Acura,MDX,Touring,90737,13981
USED,2008,Acura,MDX,Base,108633,17788
USED,2012,Acura,MDX,Technology and Entertainment Packages,54320,31958
USED,2000,Acura,TL,3.2,138668,5998
USED,2012,Acura,MDX,Technology Package,43014,34988
USED,2011,Acura,MDX,Base,67568,25991
USED,2006,Acura,TL,Base,120195,11482
USED,2009,Acura,TL,Base,107918,16788
USED,2003,Acura,TL,3.2,174393,7991
USED,2009,Acura,TL,Base,81545,20800
USED,2007,Acura,MDX,Base,77509,22488
USED,2012,Acura,TL,Technology Package,16406,28981
USED,2011,Acura,TL,Base,44514,24988
USED,2012,Acura,TL,Technology Package,38126,26981
USED,2012,Acura,TL,Technology Package,25960,26998
USED,2013,Acura,TL,Technology Package,12762,28998
USED,2012,Acura,TL,SH-AWD w/Technology Package,68540,23991
USED,2004,Acura,MDX,Touring,98228,11590
USED,2003,Acura,TL,3.2 Type-S,104387,7490
USED,2012,Acura,TL,Base,38719,22900
USED,2009,Acura,MDX,Base,54175,28900
USED,2008,Acura,MDX,Base,50483,25900
USED,2007,Acura,MDX,Base,43644,26995
USED,2007,Acura,MDX,Base,72264,20998
USED,2009,Acura,TL,Base,43517,21998
USED,2012,Acura,TL,Base,44125,22751
USED,2012,Acura,MDX,Technology Package,39457,36975
USED,2012,Acura,TL,Base,18672,25975
USED,2013,Acura,TL,Technology Package,21868,27975
USED,2012,Acura,TL,Technology Package,51512,23557
USED,2012,Acura,TL,Technology Package,28827,24464
USED,2008,Acura,MDX,Base,79404,22995
USED,2008,Acura,MDX,Base,87131,23995
USED,2012,Acura,TL,SH-AWD w/Technology Package,63873,22995
USED,2012,Acura,MDX,Technology Package,49806,32998
USED,2007,Acura,MDX,Base,71107,20988
USED,2007,Acura,TL,Base,61950,16577
USED,2010,Acura,TL,SH-AWD,68113,22488
USED,2012,Acura,TL,Base,15415,25988
USED,2005,Acura,TL,3.2,162266,8000
USED,2012,Acura,MDX,Base,30761,30995
USED,2003,Acura,TL,3.2,111464,7300
USED,2013,Acura,MDX,Base,33708,35000
USED,2005,Acura,MDX,Touring,104336,14888
USED,2001,Acura,MDX,Base,189608,6888
USED,2007,Acura,MDX,Base,99901,18888
USED,2006,Acura,TL,Base,191127,9888
USED,2011,Acura,MDX,Base,43010,29995
USED,2007,Acura,MDX,Base,96475,17490
USED,2010,Acura,MDX,Base,112435,22900
USED,2003,Acura,TL,3.2 Type-S,157698,5991
USED,2006,Acura,MDX,Touring,87522,14981
USED,2008,Acura,TL,Base,58806,18995
USED,2003,Acura,TL,3.2,102536,6988
USED,2007,Acura,MDX,Base,126144,15788
USED,2009,Acura,TL,Base,81274,16286
USED,2002,Acura,MDX,Base,99811,9995
USED,2006,Acura,TL,Base,134985,11500
USED,2008,Acura,MDX,Base,103538,19400
USED,2002,Acura,TL,3.2,96616,8999
USED,2002,Acura,TL,3.2 Type-S,109500,7999
USED,2005,Acura,TL,3.2,86417,13995
USED,2012,Acura,TL,Base,35604,21985
USED,2008,Acura,TL,Base,67394,16985
USED,2006,Acura,TL,Base,173314,8999
USED,2006,Acura,TL,Base,130380,10994
USED,2009,Acura,MDX,Base,55840,24890
USED,2006,Acura,MDX,Touring,107631,14995
USED,2005,Acura,MDX,Touring,168279,9995
USED,2008,Acura,MDX,Base,98997,19695
USED,2004,Acura,MDX,Touring,115000,11795
USED,2001,Acura,MDX,Base,129242,8795
USED,2004,Acura,MDX,Touring,124625,11795
USED,2002,Acura,MDX,Touring,125554,7899
USED,2003,Acura,TL,3.2,113000,6995
USED,2008,Acura,TL,Type-S,80132,19888
USED,2009,Acura,TL,Base,105849,16995
USED,2008,Acura,TL,Base,68619,17995
USED,2005,Acura,MDX,Touring,107795,11995
USED,2012,Acura,TL,Base,29898,23373
USED,2012,Acura,TL,Base,36561,24981
USED,2008,Acura,MDX,Base,66409,23988
USED,2009,Acura,MDX,Base,91160,18500
USED,2004,Acura,MDX,Touring,179720,8950
USED,2002,Acura,MDX,Touring,169036,8950
USED,2005,Acura,TL,3.2,252480,6950
USED,2007,Acura,MDX,Base,101152,19700
USED,2006,Acura,TL,Base,124342,11500
USED,2005,Acura,TL,3.2,121720,11950
USED,2004,Acura,MDX,Base,164737,7950
USED,2006,Acura,TL,Base,101977,11500
USED,2002,Acura,TL,3.2 Type-S,120131,7444
USED,2004,Acura,TL,3.2,107321,11995
USED,2010,Acura,MDX,Base,76947,22892
USED,2012,Acura,TL,SH-AWD w/Technology Package,63271,24492
USED,2012,Acura,TL,Base,32289,22892
USED,2012,Acura,TL,Base,41912,22981
USED,2012,Acura,TL,Base,35956,22792
USED,2012,Acura,TL,Base,30111,22992
USED,2011,Acura,TL,Base,55025,22995
USED,2007,Acura,TL,Base,56440,16999
USED,2007,Acura,MDX,Base,88903,20995
USED,2012,Acura,MDX,Advance and Entertainment Packages,28576,37900
USED,2006,Acura,TL,Base,84727,13500
USED,2008,Acura,TL,Base,86739,16988
USED,2006,Acura,TL,Base,68162,13988
USED,2008,Acura,TL,Base,67838,16880
USED,2007,Acura,MDX,Base,154277,17000
USED,2008,Acura,MDX,Base,75070,23900
USED,2010,Acura,TL,Base,65710,19990
USED,2004,Acura,TL,3.2,87153,11990
USED,2007,Acura,MDX,Base,99006,19990
USED,2012,Acura,MDX,Base,36278,30995
USED,2007,Acura,MDX,Base,83142,19900
USED,2011,Acura,MDX,Base,65300,26999
USED,2006,Acura,TL,Base,109678,11988
USED,2007,Acura,MDX,Base,89315,17888
USED,2004,Acura,TL,3.2,42526,15488
USED,2004,Acura,TL,3.2,101241,9999
USED,2011,Acura,MDX,Base,73535,27393
USED,2010,Acura,MDX,Base,63689,26500
USED,2005,Acura,TL,3.2,74143,13900
USED,2006,Acura,TL,Base,99401,14900
USED,2006,Acura,TL,Base,70420,14760
USED,2013,Acura,TL,Technology Package,15759,29687
USED,2004,Acura,MDX,Touring,89040,12988
USED,2006,Acura,TL,Base,130213,12999
USED,2008,Acura,MDX,Base,113398,19999
USED,2006,Acura,TL,Base,137651,13999
USED,2009,Acura,MDX,Base,80024,21488
USED,2012,Acura,TL,Base,35598,22789
USED,2012,Acura,TL,Base,30787,23989
USED,2009,Acura,MDX,Base,37027,25500
USED,2008,Acura,TL,Base,104281,13991
USED,2007,Acura,MDX,Base,81260,21991
USED,2012,Acura,MDX,Technology Package,35755,34999
USED,2005,Acura,MDX,Touring,173300,8900
USED,2006,Acura,TL,Base,88000,14999
USED,2007,Acura,MDX,Base,104202,19913
USED,2007,Acura,MDX,Base,114302,19962
USED,2007,Acura,MDX,Base,94365,21000
USED,2012,Acura,TL,Base,30456,23999
USED,2012,Acura,TL,Base,54042,22999
USED,2012,Acura,TL,Base,22372,24999
USED,2005,Acura,MDX,Touring,197982,6977
USED,2005,Acura,TL,3.2,105083,12500
USED,2006,Acura,TL,Base,144954,9999
USED,2005,Acura,TL,3.2,134788,10999
USED,2012,Audi,A4,2.0T Avant Premium quattro,36324,29950
USED,2012,Audi,A4,2.0T Premium quattro,21371,30500
USED,2012,Audi,A4,2.0T Premium quattro,24355,30500
USED,2010,Audi,A4,2.0T Premium quattro,67377,18888
USED,2012,Audi,A4,2.0T Premium quattro,34849,30000
USED,2004,Audi,A4,1.8T,128901,6289
USED,2012,Audi,A4,2.0T Premium quattro,20032,24458
USED,2012,Audi,A4,2.0T Avant Premium quattro,32742,29500
USED,2004,Audi,A4,1.8T,94560,8581
USED,2012,Audi,A4,2.0T Premium quattro,38378,22988
USED,2012,Audi,A4,2.0T Premium,55997,24988
USED,2006,Audi,A4,1.8T,67436,10991
USED,2010,Audi,A4,2.0T Premium,53183,17892
USED,2010,Audi,A4,2.0T Avant Premium quattro,65877,21500
USED,2012,Audi,A4,2.0T Premium quattro,31885,26000
USED,2007,Audi,A4,2.0T quattro,106384,11000
USED,2012,Audi,A4,2.0T Premium quattro,44362,27000
USED,2009,Audi,A4,2.0T quattro,59649,17000
USED,2012,Audi,A4,2.0T Premium quattro,7915,31000
USED,2010,Audi,A4,2.0T Premium quattro,53699,22000
USED,2005,Audi,A4,1.8T quattro,88296,12000
USED,2012,Audi,A4,2.0T Premium quattro,40797,28000
USED,2009,Audi,A4,3.2 Premium Plus quattro,109181,16000
USED,2012,Audi,A4,2.0T Avant Premium quattro,35644,34000
USED,2008,Audi,A4,2.0T Avant quattro,78938,14000
USED,2012,Audi,A4,2.0T Premium quattro,53165,24000
USED,2010,Audi,A4,2.0T Premium,54783,19000
USED,2009,Audi,A4,2.0T Premium Avant quattro,40841,21200
USED,2002,Audi,A4,1.8T Avant quattro,113582,7998
USED,2007,Audi,A4,2.0T quattro,82162,10998
USED,2006,Audi,A4,2.0T,90976,8998
USED,2009,Audi,A4,2.0T Premium quattro,118768,12888
USED,2013,Audi,A4,2.0T Premium Plus quattro,54343,27995
USED,2007,Audi,A4,2.0T quattro,81047,13000
USED,2012,Audi,A4,2.0T Premium,31769,25988
USED,2011,Audi,A4,2.0T Premium,76655,21995
USED,2009,Audi,A4,3.2 Premium Plus quattro,39518,24998
USED,2012,Audi,A4,2.0T Premium quattro,57981,26598
USED,2013,Audi,A4,2.0T Premium quattro,26042,26998
USED,2013,Audi,A4,2.0T Premium quattro,13551,31998
USED,2012,Audi,A4,2.0T Premium quattro,28861,30692
USED,2013,Audi,A4,2.0T Premium Plus quattro,32889,31692
USED,2010,Audi,A4,2.0T Premium quattro,53448,21394
USED,2012,Audi,A4,2.0T Avant Premium quattro,35407,34791
USED,2010,Audi,A4,2.0T Avant Premium quattro,74061,21888
USED,2007,Audi,A4,3.2 ,78748,12991
USED,2009,Audi,A4,2.0T Premium Avant quattro,71027,17960
USED,2012,Audi,A4,2.0T Avant Premium quattro,59050,26488
USED,2004,Audi,A4,1.8T quattro,76621,7700
USED,2001,Audi,A4,1.8T quattro,102000,5995
USED,2007,Audi,A4,2.0T,113000,9995
USED,2004,Audi,A4,1.8T quattro,124687,5600
USED,2008,Audi,A4,2.0T quattro,54753,15000
USED,2007,Audi,A4,3.2 ,127357,10995
USED,2002,Audi,A4,1.8T quattro,135905,7250
USED,2011,Audi,A4,2.0T Premium quattro,47060,21995
USED,2005,Audi,A4,1.8T,81931,8588
USED,2004,Audi,A4,1.8T,82155,8588
USED,2006,Audi,A4,2.0T,113963,5995
USED,2007,Audi,A4,2.0T quattro,118051,8999
USED,2007,Audi,A4,2.0T,108341,8999
USED,2005,Audi,A4,1.8T quattro,106116,7999
USED,2001,Audi,A4,1.8T quattro,83338,4300
USED,2012,Audi,A4,2.0T Premium quattro,29393,29995
USED,2012,Audi,A4,2.0T Premium quattro,26587,30995
USED,2009,Audi,A4,2.0T Premium Avant quattro,58127,22800
USED,2011,Audi,A4,2.0T Premium,59543,19000
USED,2007,Audi,A4,2.0T quattro,32554,15995
USED,2008,Audi,A4,2.0T quattro,75972,14788
USED,2007,Audi,A4,2.0T,52325,14788
USED,2007,Audi,A4,2.0T,73805,11988
USED,2011,Audi,A4,2.0T Premium,76570,21488
USED,2008,Audi,A4,2.0T quattro,91963,11999
USED,2009,Audi,A4,2.0T,104339,14000
USED,2006,Audi,A4,2.0T,97880,10795
USED,2012,Audi,A4,2.0T Premium quattro,22375,29995
USED,2011,Audi,A4,2.0T Premium,50630,19995
USED,2007,Audi,A4,2.0T,110678,11988
USED,2009,Audi,A4,3.2 Premium Plus quattro,51608,17919
USED,2007,Audi,A4,2.0T,109372,10999
USED,2012,Audi,A4,2.0T Premium quattro,33010,24988
USED,2012,Audi,A4,2.0T Premium quattro,39770,23998
USED,2004,Audi,A4,1.8T quattro,84796,9995
USED,2007,Audi,A4,2.0T quattro,122888,10888
USED,2002,Audi,A4,3.0 Avant quattro,131337,6988
USED,2007,Audi,A4,2.0T quattro,77815,13988
USED,2002,Audi,A4,1.8T quattro,115802,6995
USED,2006,Audi,A4,2.0T quattro,134468,8995
USED,2011,Audi,A4,2.0T Premium quattro,31003,24995
USED,2013,Audi,A4,2.0T Premium quattro,29982,28995
USED,2013,Audi,A4,2.0T Premium quattro,32340,28995
USED,2006,Audi,A4,2.0T,89702,10995
USED,2006,Audi,A4,2.0T,83567,10900
USED,2012,Audi,A4,2.0T Premium,51605,24995
USED,2011,Audi,A4,2.0T Premium,46967,20995
USED,2012,Audi,A4,2.0T Premium,50085,24999
USED,2012,Audi,A4,2.0T Premium quattro,28638,30500
USED,2009,Audi,A4,2.0T Premium quattro,70291,18500
USED,2012,Audi,A4,2.0T Premium quattro,31214,29500
USED,2012,Audi,A4,2.0T Premium quattro,14534,27500
USED,2012,Audi,A4,2.0T Premium quattro,23163,27500
USED,2012,Audi,A4,2.0T Premium quattro,20547,30000
USED,2012,Audi,A4,2.0T Premium quattro,9968,28000
USED,2012,Audi,A4,2.0T Premium quattro,26466,29500
USED,2012,Audi,A4,2.0T Premium quattro,28937,27000
USED,2012,Audi,A4,2.0T Premium quattro,19753,30500
USED,2012,Audi,A4,2.0T Premium quattro,30814,27000
USED,2012,Audi,A4,2.0T Premium quattro,12345,31500
USED,2012,Audi,A4,2.0T Premium quattro,17711,30400
USED,2012,Audi,A4,2.0T Premium quattro,60382,27500
USED,2008,Audi,A4,2.0T Avant quattro,64500,16900
USED,2012,Audi,A4,2.0T Premium quattro,11019,31500
USED,2012,Audi,A4,2.0T Premium quattro,16263,29500
USED,2002,Audi,A4,1.8T quattro,92798,7988
USED,2005,Audi,A4,1.8T,93971,11995
USED,2011,Audi,A4,2.0T Avant Premium quattro,47975,25900
USED,2007,Audi,A4,2.0T Avant quattro,72710,13850
USED,2009,Audi,A4,3.2 Premium Plus quattro,30891,23750
USED,2005,Audi,A4,2.0T,124947,9999
USED,2004,Audi,A4,1.8T,79625,8995
USED,2008,Audi,A4,2.0T,68467,12999
USED,2006,BMW,3 Series,330i,70831,15650
USED,2011,BMW,3 Series,335i,31319,29950
USED,2013,BMW,3 Series,ActiveHybrid 3,13633,33888
USED,2009,BMW,3 Series,328i,57424,16991
USED,2011,BMW,3 Series,328i,39117,19992
USED,2007,BMW,3 Series,335i,82009,13992
USED,2013,BMW,3 Series,335is,34399,43991
USED,2008,BMW,3 Series,328xi,69082,15995
USED,2013,BMW,3 Series,328i,24467,27992
USED,2011,BMW,3 Series,335i,28500,26495
USED,2012,BMW,3 Series,328i,44788,27991
USED,2011,BMW,3 Series,328i,40300,23493
USED,2011,BMW,3 Series,335i,30551,31994
USED,2009,BMW,3 Series,335i,51563,20991
USED,2012,BMW,3 Series,328i,30736,24995
USED,2009,BMW,3 Series,335i,32850,22881
USED,2006,BMW,3 Series,330i,33090,16991
USED,2011,BMW,3 Series,328i,36247,25991
USED,2013,BMW,3 Series,328i,20840,28991
USED,2013,BMW,3 Series,328i,18733,30991
USED,2011,BMW,3 Series,328i,33452,19994
USED,2012,BMW,3 Series,328i,15582,30991
USED,2009,BMW,3 Series,328i,55277,17991
USED,2011,BMW,3 Series,328i,44261,25885
USED,2012,BMW,3 Series,328i xDrive,25625,35988
USED,2012,BMW,3 Series,328i,27931,29491
USED,2012,BMW,3 Series,328i,23847,31991
USED,2009,BMW,3 Series,335i,46260,24841
USED,2011,BMW,3 Series,328i xDrive,25468,22500
USED,2012,BMW,3 Series,328i,20976,33555
USED,2006,BMW,3 Series,330i,75706,13595
USED,2006,BMW,3 Series,330i,63866,16888
USED,2011,BMW,3 Series,328i,66680,19492
USED,2007,BMW,3 Series,335i,86669,13981
USED,2010,BMW,3 Series,328i,49930,17981
USED,2012,BMW,3 Series,328i xDrive,50487,24644
USED,2010,BMW,3 Series,335i,61916,23744
USED,2009,BMW,3 Series,335i,47222,21774
USED,2002,BMW,3 Series,325Ci,129831,9877
USED,2006,BMW,3 Series,325i,76467,11991
USED,2013,BMW,3 Series,328i xDrive,21385,32500
USED,2004,BMW,3 Series,330xi,130901,7981
USED,2013,BMW,3 Series,328i,21678,30884
USED,2011,BMW,3 Series,328i,71978,18885
USED,2012,BMW,3 Series,328i,35094,29981
USED,2012,BMW,3 Series,328i xDrive,34081,26885
USED,2012,BMW,3 Series,335i,33561,37281
USED,2013,BMW,3 Series,335i,35828,39582
USED,2012,BMW,3 Series,328i,30300,28982
USED,2012,BMW,3 Series,328i,16884,30983
USED,2009,BMW,3 Series,335i,81437,17598
USED,2003,BMW,3 Series,325i,165148,4698
USED,2011,BMW,3 Series,335i,59462,27482
USED,2012,BMW,3 Series,335i,13669,37983
USED,2012,BMW,3 Series,328i,54318,24988
USED,2009,BMW,3 Series,328i,92670,14988
USED,2009,BMW,3 Series,335i,76595,22888
USED,2011,BMW,3 Series,328i,50965,25988
USED,2011,BMW,3 Series,328i,43948,23988
USED,2011,BMW,3 Series,328i,60457,21988
USED,2008,BMW,3 Series,335i,86846,15988
USED,2009,BMW,3 Series,328i xDrive,81308,18988
USED,2011,BMW,3 Series,335i,42501,26988
USED,2011,BMW,3 Series,328i,40578,21888
USED,2011,BMW,3 Series,328i,37888,22988
USED,2011,BMW,3 Series,328i,32663,22988
USED,2011,BMW,3 Series,328i,32247,22588
USED,2011,BMW,3 Series,328i,52506,20971
USED,2007,BMW,3 Series,328i,69854,13992
USED,2011,BMW,3 Series,328i xDrive,42505,21991
USED,2000,BMW,3 Series,323i,125431,4791
USED,2011,BMW,3 Series,328i,43138,19981
USED,2011,BMW,3 Series,335i,57304,31800
USED,2011,BMW,3 Series,335i xDrive,52493,31200
USED,2011,BMW,3 Series,335i,31058,26000
USED,2012,BMW,3 Series,328i,35671,26000
USED,2007,BMW,3 Series,328i,77328,13994
USED,2008,BMW,3 Series,335i,71531,15394
USED,2009,BMW,3 Series,328i,32195,21788
USED,2007,BMW,3 Series,328i,87840,13500
USED,2009,BMW,3 Series,328i,63727,22700
USED,2012,BMW,3 Series,335i,23397,34588
USED,2013,BMW,3 Series,328i,15052,29788
USED,2011,BMW,3 Series,328i,41807,22991
USED,2011,BMW,3 Series,328i,52292,20991
USED,2004,BMW,3 Series,330Ci,114077,9999
USED,2011,BMW,3 Series,328i,40746,24998
USED,2007,BMW,3 Series,335i,81354,14998
USED,2008,BMW,3 Series,328i,69188,17777
USED,2004,BMW,3 Series,330Ci,155074,7498
USED,2006,BMW,3 Series,325i,115703,11999
USED,2001,BMW,3 Series,325Ci,105306,6850
USED,2012,BMW,3 Series,335is,62269,32984
USED,2012,BMW,3 Series,328i,29677,25984
USED,2010,BMW,3 Series,328i,66178,18984
USED,2007,BMW,3 Series,328i,86764,12591
USED,2006,BMW,3 Series,330i,102732,12992
USED,2011,BMW,3 Series,328i xDrive,24031,24881
USED,2012,BMW,3 Series,328i,15494,32988
USED,2011,BMW,3 Series,335i,43903,29888
USED,2011,BMW,3 Series,328i xDrive,56668,21995
USED,2011,BMW,3 Series,328i,24370,20995
USED,2011,BMW,3 Series,335i,29949,28995
USED,2011,BMW,3 Series,328i,56326,20995
USED,2012,BMW,3 Series,328i,47259,25995
USED,2012,BMW,3 Series,328i,53569,30995
USED,2012,BMW,3 Series,328i,29611,35995
USED,2012,BMW,3 Series,328i,9484,37995
USED,2011,BMW,3 Series,335d,36307,29995
USED,2012,BMW,3 Series,328i,33396,33995
USED,2012,BMW,3 Series,335i,29586,35995
USED,2012,BMW,3 Series,328i,48408,27995
USED,2012,BMW,3 Series,335i,58899,31995
USED,2012,BMW,3 Series,328i,9584,32995
USED,2012,BMW,3 Series,328i,63717,30995
USED,2012,BMW,3 Series,335i,47043,32995
USED,2007,BMW,3 Series,328i,107410,11995
USED,2011,BMW,3 Series,328i,45518,23995
USED,2011,BMW,3 Series,335i,39231,27995
USED,2011,BMW,3 Series,328i,57983,21995
USED,2012,BMW,3 Series,328i,27932,31995
USED,2012,BMW,3 Series,328i,20352,31995
USED,2008,BMW,3 Series,335i,80773,16880
USED,2008,BMW,3 Series,328i,40227,18988
USED,2013,BMW,3 Series,328i,47391,25887
USED,2011,BMW,3 Series,328i xDrive,50257,22489
USED,2011,BMW,3 Series,335d,42682,27769
USED,2009,BMW,3 Series,328i xDrive,66318,18500
USED,2011,BMW,3 Series,328i,32720,21488
USED,2011,BMW,3 Series,328i xDrive,24653,23488
USED,2012,BMW,3 Series,328i,53219,26288
USED,2010,BMW,3 Series,335i,32518,24688
USED,2007,BMW,3 Series,335i,90029,15888
USED,2011,BMW,3 Series,335i,55953,27888
USED,2011,BMW,3 Series,328i,40750,21888
USED,2012,BMW,3 Series,328i,20324,32000
USED,2011,BMW,3 Series,328i,34172,24000
USED,2011,BMW,3 Series,328i xDrive,45258,25000
USED,2012,BMW,3 Series,328i,49568,28500
USED,2011,BMW,3 Series,328i,22680,28000
USED,2012,BMW,3 Series,328i,36002,28000
USED,2011,BMW,3 Series,335i,49178,29500
USED,2011,BMW,3 Series,335i,29957,29500
USED,2011,BMW,3 Series,335i xDrive,49735,30000
USED,2013,BMW,3 Series,328i xDrive,21904,32000
USED,2012,BMW,3 Series,328i,57328,25888
USED,2011,BMW,3 Series,328i xDrive,31772,27000
USED,2011,BMW,3 Series,335i,52516,29000
USED,2012,BMW,3 Series,328i,16650,32000
USED,2011,BMW,3 Series,328i,43342,27000
USED,2012,BMW,3 Series,328i,31231,28000
USED,2011,BMW,3 Series,328i,46335,20888
USED,2011,BMW,3 Series,328i,49573,24000
USED,2012,BMW,3 Series,328i,19087,35500
USED,2013,BMW,3 Series,328i,36297,31000
USED,2011,BMW,3 Series,335i,44272,32500
USED,2012,BMW,3 Series,328i,31743,33888
USED,2012,BMW,3 Series,335i,17968,42000
USED,2012,BMW,3 Series,335i,44230,38000
USED,2012,BMW,3 Series,335i,31338,40000
USED,2012,BMW,3 Series,328i,5300,34500
USED,2013,BMW,3 Series,328i xDrive,40313,32000
USED,2011,BMW,3 Series,328i xDrive,40648,32000
USED,2012,BMW,3 Series,335i,26736,41000
USED,2012,BMW,3 Series,328i,14899,31500
USED,2012,BMW,3 Series,328i,44263,35000
USED,2012,BMW,3 Series,328i,40776,29500
USED,2012,BMW,3 Series,328i xDrive,31437,29500
USED,2013,BMW,3 Series,328i,10364,31500
USED,2011,BMW,3 Series,335i xDrive,34322,34000
USED,2011,BMW,3 Series,335d,28787,30000
USED,2012,BMW,3 Series,335i,16590,40000
USED,2011,BMW,3 Series,335d,38900,30000
USED,2013,BMW,3 Series,335i,48353,36000
USED,2011,BMW,3 Series,335d,35334,29500
USED,2011,BMW,3 Series,328i,36676,24000
USED,2012,BMW,3 Series,328i,16780,36500
USED,2011,BMW,3 Series,335i,12024,36500
USED,2013,BMW,3 Series,ActiveHybrid 3,27150,38000
USED,2011,BMW,3 Series,328i,42556,23500
USED,2011,BMW,3 Series,328i,29819,32500
USED,2011,BMW,3 Series,328i,23679,32500
USED,2012,BMW,3 Series,328i,42571,35500
USED,2012,BMW,3 Series,335i,41136,39000
USED,2012,BMW,3 Series,328i,25170,30000
USED,2011,BMW,3 Series,328i xDrive,26283,27000
USED,2012,BMW,3 Series,328i,21477,31000
USED,2011,BMW,3 Series,328i xDrive,29927,25500
USED,2011,BMW,3 Series,335d,49357,29000
USED,2007,BMW,3 Series,328i,86530,16000
USED,2009,BMW,3 Series,328i,36688,19000
USED,2011,BMW,3 Series,328i,62904,19900
USED,2011,BMW,3 Series,328i,22465,23500
USED,2011,BMW,3 Series,328i xDrive,37212,23400
USED,2007,BMW,3 Series,335i,10835,21900
USED,2006,BMW,3 Series,325Ci,109829,10900
USED,2009,BMW,3 Series,328i,55341,20995
USED,2011,BMW,3 Series,335i,50327,24794
USED,2007,BMW,3 Series,328i,92435,12981
USED,2011,BMW,3 Series,328i xDrive,41806,25982
USED,2011,BMW,3 Series,328i,30438,24900
USED,2011,BMW,3 Series,328i,59245,21000
USED,2011,BMW,3 Series,328i,23884,24500
USED,2011,BMW,3 Series,328i xDrive,29320,25500
USED,2012,BMW,3 Series,328i,20319,30900
USED,2012,BMW,3 Series,328i,26715,35000
USED,2012,BMW,3 Series,328i,30151,35000
USED,2012,BMW,3 Series,335i,31150,39900
USED,2012,BMW,3 Series,328i,22531,37000
USED,2012,BMW,3 Series,335i,18805,39500
USED,2011,BMW,3 Series,328i,27191,23000
USED,2012,BMW,3 Series,328i,36232,34000
USED,2012,BMW,3 Series,328i,35290,34000
USED,2007,BMW,3 Series,328i,85453,14000
USED,2011,BMW,3 Series,328i,44574,22900
USED,2011,BMW,3 Series,335i,25085,35000
USED,2008,BMW,3 Series,335i,71559,17888
USED,2011,BMW,3 Series,328i,36558,23788
USED,2011,BMW,3 Series,335i,42256,27570
USED,2013,BMW,3 Series,328i,35072,25484
USED,2004,BMW,3 Series,325i,103390,7991
USED,2006,BMW,3 Series,330Ci,89640,12988
USED,2004,BMW,3 Series,325Ci,66463,12888
USED,2011,BMW,3 Series,328i xDrive,51896,22577
USED,2011,BMW,3 Series,328i xDrive,26225,22800
USED,2009,BMW,3 Series,328i xDrive,53122,19800
USED,2011,BMW,3 Series,328i,27558,22800
USED,2011,BMW,3 Series,328i,49180,22800
USED,2009,BMW,3 Series,328i,68796,17800
USED,2012,BMW,3 Series,328i,19943,25000
USED,2011,BMW,3 Series,328i,43737,19777
USED,2011,BMW,3 Series,328i xDrive,43881,23777
USED,2011,BMW,3 Series,328i,35952,20000
USED,2012,BMW,3 Series,328i,15021,28800
USED,2012,Cadillac,CTS,Base,23392,23333
USED,2012,Cadillac,CTS,Premium,17100,33333
USED,2011,Cadillac,CTS,Performance,35008,27988
USED,2007,Cadillac,CTS,Base,83292,11988
USED,2012,Cadillac,CTS,Premium,31676,29981
USED,2012,Cadillac,CTS,Premium,21084,30982
USED,2012,Cadillac,CTS,Performance,35612,27991
USED,2005,Cadillac,CTS,Base,134213,8998
USED,2007,Cadillac,CTS,Base,111867,9998
USED,2008,Cadillac,CTS,Base,84358,14931
USED,2010,Cadillac,CTS,Premium,45933,23998
USED,2013,Cadillac,CTS,Performance,36332,26498
USED,2005,Cadillac,CTS,Base,95215,9500
USED,2011,Cadillac,CTS,Luxury,36954,21988
USED,2012,Cadillac,CTS,Premium,47225,32999
USED,2012,Cadillac,CTS,Base,34265,22300
USED,2012,Cadillac,CTS,Performance,39669,28400
USED,2012,Cadillac,CTS,Premium,55579,29900
USED,2011,Cadillac,CTS,Base,28306,22995
USED,2005,Cadillac,CTS,Base,50077,13998
USED,2007,Cadillac,CTS,Base,68349,11850
USED,2008,Cadillac,CTS,Base,118550,13991
USED,2008,Cadillac,CTS,Base,66759,21494
USED,2010,Cadillac,CTS,Luxury,64691,18991
USED,2009,Cadillac,CTS,Base,56516,16988
USED,2009,Cadillac,CTS,Base,51501,19986
USED,2003,Cadillac,CTS,Base,64834,9995
USED,2012,Cadillac,CTS,Premium,3939,32941
USED,2012,Cadillac,CTS,Luxury,45425,23988
USED,2009,Cadillac,CTS,Base,72372,17988
USED,2012,Cadillac,CTS,Luxury,18278,23988
USED,2007,Cadillac,CTS,Base,88945,12888
USED,2007,Cadillac,CTS,Base,81476,9950
USED,2005,Cadillac,CTS,Base,115980,8995
USED,2013,Cadillac,CTS,Premium,45160,28800
USED,2010,Cadillac,CTS,Premium,52768,19999
USED,2006,Cadillac,CTS,Base,106447,9999
USED,2009,Cadillac,CTS,Base,54345,19999
USED,2012,Cadillac,CTS,Premium,34164,32999
USED,2008,Cadillac,CTS,Base,55048,18450
USED,2005,Cadillac,CTS,Base,107295,8795
USED,2004,Cadillac,CTS,Base,82579,9995
USED,2008,Cadillac,CTS,Base,87796,17888
USED,2008,Cadillac,CTS,Base,71305,22500
USED,2013,Cadillac,CTS,Performance,57120,25000
USED,2013,Cadillac,CTS,Premium,45580,27500
USED,2003,Cadillac,CTS,Base,112862,7950
USED,2007,Cadillac,CTS,Base,94858,11988
USED,2008,Cadillac,CTS,Base,98314,16988
USED,2010,Cadillac,CTS,Performance,63823,21995
USED,2012,Cadillac,CTS,Base,46102,20995
USED,2008,Cadillac,CTS,Base,32127,19987
USED,2011,Cadillac,CTS,Base,45371,22698
USED,2012,Cadillac,CTS,Base,29283,23989
USED,2012,Cadillac,CTS,Luxury,23215,22995
USED,2011,Cadillac,CTS,Performance,59755,25995
USED,2012,Cadillac,CTS,Premium,72246,28995
USED,2004,Cadillac,CTS,Base,69690,10999
USED,2008,Cadillac,CTS,Base,22435,17988
USED,2006,Cadillac,CTS,Base,136000,8995
USED,2007,Cadillac,CTS,Base,75121,11899
USED,2005,Cadillac,CTS,Base,114658,7999
USED,2005,Cadillac,CTS,Base,117078,7999
USED,2011,Cadillac,CTS,Performance,50524,23999
USED,2008,Cadillac,CTS,Base,110207,16999
USED,2011,Cadillac,CTS,Base,28343,19989
USED,2012,Cadillac,CTS,Premium,46014,26989
USED,2005,Cadillac,CTS,Base,86000,10900
USED,2004,Cadillac,CTS,Base,207493,5999
USED,2004,Cadillac,CTS,Base,114594,6995
USED,2008,Cadillac,CTS,Base,144201,11990
USED,2006,Cadillac,CTS,Base,145539,6988
USED,2012,Cadillac,CTS,Base,30003,23900
USED,2012,Cadillac,CTS,Performance,51412,27800
USED,2009,Cadillac,CTS,Base,114567,12900
USED,2012,Cadillac,CTS,Luxury,28271,25700
USED,2012,Cadillac,CTS,Base,28811,22700
USED,2012,Cadillac,CTS,Base,32626,23600
USED,2007,Cadillac,CTS,Base,138642,8200
USED,2006,Cadillac,CTS,Base,104326,9999
USED,2006,Cadillac,CTS,Base,116431,8999
USED,2003,Cadillac,CTS,Base,83037,7995
USED,2011,Cadillac,CTS,Performance,51128,30000
USED,2013,Cadillac,CTS,Performance,47134,27000
USED,2003,Cadillac,CTS,Base,148367,6995
USED,2004,Cadillac,CTS,Base,177425,6995
USED,2005,Cadillac,CTS,Base,102685,7995
USED,2011,Cadillac,CTS,Premium,63964,24950
USED,2011,Cadillac,CTS,Luxury,60147,21895
USED,2005,Cadillac,CTS,Base,86000,8477
USED,2007,Cadillac,CTS,Base,104398,10998
USED,2008,Cadillac,CTS,Base,24915,18998
USED,2003,Cadillac,CTS,Base,122962,8995
USED,2004,Cadillac,CTS,Base,127785,8995
USED,2003,Cadillac,CTS,Base,111217,7999
USED,2004,Cadillac,CTS,Base,97000,7999
USED,2006,Cadillac,CTS,Base,88462,8988
USED,2012,Cadillac,CTS,Base,25096,24999
USED,2003,Cadillac,CTS,Base,162485,6795
USED,2008,Cadillac,CTS,Base,105169,19999
USED,2007,Cadillac,CTS,Base,147481,10999
USED,2004,Cadillac,CTS,Base,160304,8995
USED,2009,Cadillac,CTS,Base,56166,19995
USED,2004,Cadillac,CTS,Base,114451,8495
USED,2007,Honda,Accord,EX-L V-6,96715,12950
USED,2009,Honda,Civic,LX-S,74274,11988
USED,2006,Honda,Accord,EX V-6,102644,10998
USED,2005,Honda,Accord,LX,111639,7688
USED,2001,Honda,Accord,EX,103771,5788
USED,2008,Honda,Civic,EX,72882,11588
USED,2004,Honda,Accord,EX,179819,7988
USED,2008,Honda,Accord,EX-L V-6,39029,16998
USED,2007,Honda,Civic,EX,123752,8991
USED,2006,Honda,Accord,EX,123872,7994
USED,2012,Honda,Accord,LX,30648,15995
USED,2008,Honda,Civic,EX,63331,12995
USED,2013,Honda,Accord,EX-L V-6,44271,24777
USED,2012,Honda,Accord,EX-L V-6,40131,19888
USED,2013,Honda,Civic,LX,18243,16595
USED,2013,Honda,Accord,LX-S,9779,19888
USED,2013,Honda,Accord,LX,14231,19491
USED,2013,Honda,Civic,EX,18517,17382
USED,2013,Honda,Accord,LX,46805,16974
USED,2012,Honda,Civic,LX,23840,14991
USED,2013,Honda,Civic,LX,31430,16644
USED,2012,Honda,Accord,SE,27906,17988
USED,2013,Honda,Accord,LX,24712,19644
USED,2002,Honda,Civic,EX,127214,5774
USED,2008,Honda,Accord,EX-L,46213,16884
USED,2012,Honda,Accord,EX-L V-6,35416,19884
USED,2013,Honda,Civic,LX,34580,15988
USED,2007,Honda,Accord,Special Edition,133767,8491
USED,2003,Honda,Accord,EX,149060,7491
USED,2012,Honda,Civic,Hybrid,97006,11991
USED,2001,Honda,Accord,LX,152446,4991
USED,2012,Honda,Accord,SE,49127,15991
USED,2013,Honda,Civic,LX,33452,16991
USED,2000,Honda,Civic,EX,129599,3991
USED,2013,Honda,Civic,LX,24203,19891
USED,2010,Honda,Accord,LX-S,99140,10491
USED,2012,Honda,Accord,EX,27351,18491
USED,2006,Honda,Civic,EX,91925,8791
USED,2012,Honda,Civic,EX,37330,15991
USED,2012,Honda,Civic,HF,8363,16991
USED,2009,Honda,Accord,LX,43680,13881
USED,2007,Honda,Accord,EX-L,105274,11988
USED,2012,Honda,Accord,LX,21339,15971
USED,2010,Honda,Civic,LX,98201,10971
USED,2010,Honda,Accord,LX,10881,15991
USED,2010,Honda,Civic,EX,53948,12991
USED,2008,Honda,Civic,LX,80288,11988
USED,2004,Honda,Accord,EX V-6,109727,10988
USED,2005,Honda,Accord,LX V-6,103913,8788
USED,2005,Honda,Accord,EX V-6,92538,10888
USED,2012,Honda,Civic,LX,35918,14788
USED,2002,Honda,Accord,EX V-6,165445,6888
USED,2004,Honda,Civic,EX,122555,7388
USED,2008,Honda,Civic,EX-L,46365,13788
USED,2012,Honda,Accord,LX-S,32539,16888
USED,2013,Honda,Civic,LX,22508,15884
USED,2010,Honda,Civic,LX-S,51866,13582
USED,2013,Honda,Accord,EX,26115,20582
USED,2009,Honda,Accord,EX,86341,13382
USED,2011,Honda,Accord,SE,47114,16882
USED,2001,Honda,Accord,LX,172575,4882
USED,2011,Honda,Civic,EX,15686,16381
USED,2012,Honda,Civic,LX,12492,15888
USED,2009,Honda,Accord,EX-L V-6,87962,15667
USED,2012,Honda,Accord,LX,57689,15998
USED,2012,Honda,Civic,LX,17686,13998
USED,2012,Honda,Accord,EX,25461,18888
USED,2012,Honda,Civic,LX,43539,13998
USED,2013,Honda,Accord,EX-L V-6,30335,25883
USED,2012,Honda,Civic,LX,28944,14998
USED,2012,Honda,Civic,LX,24429,15773
USED,2012,Honda,Civic,EX-L,35666,17988
USED,2012,Honda,Civic,EX,6662,16888
USED,2013,Honda,Civic,Si,9014,20998
USED,2007,Honda,Civic,LX,63897,10888
USED,2007,Honda,Accord,EX-L V-6,132235,10992
USED,2003,Honda,Accord,EX V-6,151834,7991
USED,2004,Honda,Civic,Value Package,128506,6991
USED,2009,Honda,Accord,EX,69537,13982
USED,2012,Honda,Civic,Si,41669,17888
USED,2009,Honda,Accord,EX-L V-6,97974,11998
USED,2009,Honda,Civic,Hybrid,77264,12488
USED,2001,Honda,Civic,EX,163568,5991
USED,2011,Honda,Civic,GX,103408,8994
USED,2006,Honda,Civic,LX,189083,5900
USED,2012,Honda,Accord,SE,27739,19498
USED,2005,Honda,Accord,EX V-6,112207,11498
USED,2003,Honda,Civic,Si,141029,7197
USED,2001,Honda,Accord,EX V-6,204930,5999
USED,2005,Honda,Civic,Hybrid,159411,5998
USED,2005,Honda,Accord,LX Special Edition,135399,7882
USED,2013,Honda,Accord,EX-L V-6,15487,22981
USED,2005,Honda,Civic,LX,138121,6881
USED,2006,Honda,Civic,EX,124470,8881
USED,2007,Honda,Civic,Hybrid,103134,9998
USED,2013,Honda,Civic,LX,35549,16488
USED,2013,Honda,Civic,LX,45028,16388
USED,2000,Honda,Accord,EX V6,161972,4700
USED,2009,Honda,Accord,EX-L,70886,14598
USED,2008,Honda,Accord,EX-L V-6,49954,14500
USED,2003,Honda,Civic,EX,78419,8000
USED,2005,Honda,Civic,LX,133670,7500
USED,2012,Honda,Civic,LX,30262,14500
USED,2006,Honda,Accord,EX,107734,9499
USED,2010,Honda,Accord,EX,88071,14350
USED,2012,Honda,Civic,EX,24943,14500
USED,2011,Honda,Accord,EX-L V-6,50385,16700
USED,2005,Honda,Accord,LX,36875,10888
USED,2007,Honda,Civic,EX,152123,8888
USED,2007,Honda,Accord,EX-L,93527,10500
USED,2008,Honda,Civic,EX,74662,12888
USED,2007,Honda,Accord,EX-L V-6,66710,15900
USED,2006,Honda,Accord,EX V-6,101686,11900
USED,2007,Honda,Accord,EX-L V-6,29301,17900
USED,2005,Honda,Civic,Value Package,141948,7500
USED,2013,Honda,Civic,Si,9259,22400
USED,2009,Honda,Civic,EX,41728,14500
USED,2004,Honda,Accord,EX V-6,91968,12500
USED,2013,Honda,Accord,EX-L V-6,11677,26000
USED,2012,Honda,Civic,LX,44333,14915
USED,2010,Honda,Civic,LX,71344,11515
USED,2013,Honda,Accord,LX,29310,19491
USED,2012,Honda,Accord,EX,29777,17482
USED,2006,Honda,Accord,EX V-6,90756,12493
USED,2010,Honda,Civic,LX,60467,12991
USED,2006,Honda,Accord,Hybrid,104662,13591
USED,2012,Honda,Accord,SE,24416,17421
USED,2012,Honda,Civic,EX,37372,16491
USED,2011,Honda,Civic,LX,44287,13321
USED,2009,Honda,Accord,EX-L V-6,52159,15592
USED,2012,Honda,Accord,SE,33623,17500
USED,2012,Honda,Accord,LX-P,12229,18000
USED,2008,Honda,Accord,EX-L,51586,16887
USED,2012,Honda,Civic,LX,52228,14500
USED,2012,Honda,Civic,EX,33602,16500
USED,2012,Honda,Accord,SE,39227,18000
USED,2006,Honda,Civic,LX,72416,10000
USED,2008,Honda,Civic,EX,97506,9997
USED,2007,Honda,Civic,LX,85673,9997
USED,2013,Honda,Civic,LX,13651,17988
USED,2008,Honda,Accord,EX-L,73488,15988
USED,2012,Honda,Civic,EX,42899,14788
USED,2012,Honda,Accord,LX,18389,15992
USED,2010,Honda,Accord,LX-P,68987,12981
USED,2012,Honda,Accord,LX,45067,14594
USED,2011,Honda,Civic,LX,70032,11991
USED,2012,Honda,Accord,EX V-6,30501,17892
USED,2008,Honda,Civic,EX,76590,10991
USED,2012,Honda,Civic,EX,35392,15592
USED,2012,Honda,Civic,EX,19291,15981
USED,2009,Honda,Accord,EX,64465,12992
USED,2002,Honda,Accord,LX,124815,5981
USED,2012,Honda,Accord,EX,15292,18981
USED,2012,Honda,Civic,LX,35069,14991
USED,2002,Honda,Accord,Value Package,110289,4991
USED,2012,Honda,Civic,Natural Gas,31011,17481
USED,2012,Honda,Accord,LX-S,58968,14981
USED,2011,Honda,Accord,LX,62273,13481
USED,2012,Honda,Civic,EX-L,70626,14981
USED,2012,Honda,Accord,LX,60948,13981
USED,2012,Honda,Civic,LX,22924,14981
USED,2012,Honda,Accord,SE,46288,16981
USED,2011,Honda,Civic,EX,72752,12981
USED,2012,Honda,Civic,LX,51421,13981
USED,2000,Honda,Accord,EX V6,140886,4981
USED,2002,Honda,Accord,EX V-6,237648,4991
USED,2002,Honda,Civic,LX,198729,3994
USED,2008,Honda,Civic,Si,114727,10992
USED,2006,Honda,Accord,EX V-6,127485,10991
USED,2002,Honda,Civic,LX,87742,6991
USED,2005,Honda,Civic,LX,270961,4991
USED,2000,Honda,Accord,EX V6,98588,4491
USED,2005,Honda,Civic,Value Package,163419,5491
USED,2006,Honda,Civic,EX,63276,10692
USED,2004,Honda,Civic,Hybrid,105819,6991
USED,2010,Honda,Accord,LX,120057,11988
USED,2006,Honda,Accord,EX V-6,117623,11991
USED,2009,Honda,Accord,EX-L,144492,10991
USED,2005,Honda,Accord,EX,107606,9977
USED,2008,Honda,Accord,EX-L V-6,42587,15898
USED,2013,Honda,Accord,EX-L,49993,21988
USED,2012,Honda,Civic,EX-L,68211,13988
USED,2012,Honda,Civic,LX,34696,14918
USED,2012,Honda,Civic,LX,35504,16559
USED,2012,Honda,Civic,EX,21925,16881
USED,2008,Honda,Civic,EX-L,79659,13988
USED,2012,Honda,Accord,LX-P,56613,17988
USED,2012,Honda,Civic,LX,17650,14853
USED,2008,Honda,Civic,EX-L,44778,14950
USED,2012,Honda,Civic,LX,71802,14988
USED,2011,Honda,Accord,SE,33733,18988
USED,2012,Honda,Accord,LX,41571,16981
USED,2013,Honda,Civic,EX,33553,16988
USED,2012,Honda,Accord,SE,30170,19988
USED,2012,Honda,Accord,LX,24354,17988
USED,2012,Honda,Accord,LX,69999,14984
USED,2009,Honda,Accord,EX V-6,57118,13988
USED,2012,Honda,Civic,LX,29759,16984
USED,2012,Honda,Accord,SE,35998,19984
USED,2012,Honda,Civic,EX,87210,12981
USED,2012,Honda,Civic,LX,25341,15984
USED,2012,Honda,Civic,LX,28006,15981
USED,2012,Honda,Accord,LX,48528,14984
USED,2012,Honda,Accord,SE,39167,17988
USED,2013,Honda,Civic,Si w/Navigation,32464,21977
USED,2012,Honda,Accord,SE,34421,18988
USED,2010,Honda,Accord,EX V-6,50200,15988
USED,2012,Honda,Civic,EX,26446,17984
USED,2013,Honda,Accord,LX-S,37432,19988
USED,2013,Honda,Civic,LX,24770,15999
USED,2012,Honda,Accord,EX,56213,16995
USED,2005,Honda,Accord,Hybrid,100965,11492
USED,2013,Honda,Civic,EX,7600,18273
USED,2006,Honda,Accord,LX,142387,8991
USED,2012,Honda,Accord,LX,27885,16998
USED,2012,Honda,Civic,Hybrid,34744,17998
USED,2011,Honda,Accord,LX-S,54086,15998
USED,2010,Honda,Civic,LX,44460,14998
USED,2012,Honda,Accord,LX,31732,16599
USED,2008,Honda,Accord,EX,78287,13591
USED,2011,Honda,Civic,DX-VP,42337,12598
USED,2012,Honda,Civic,EX-L,27040,17998
USED,2013,Honda,Accord,LX-S,4337,20998
USED,2005,Honda,Accord,Hybrid,80173,11950
USED,2013,Honda,Civic,EX,4157,18871
USED,2012,Honda,Accord,LX,22997,14774
USED,2012,Honda,Accord,EX-L V-6,40380,19760
USED,2012,Honda,Civic,LX,41033,15150
USED,2012,Honda,Civic,EX-L,101695,12000
USED,2012,Honda,Accord,LX,52880,15971
USED,2005,Honda,Accord,Hybrid,126754,11882
USED,2013,Honda,Civic,EX,26476,16881
USED,2012,Honda,Accord,LX,39391,16982
USED,2013,Honda,Civic,LX,17954,16900
USED,2013,Infiniti,G Sedan,G37 Journey,21271,24588
USED,2011,Infiniti,G Sedan,G37 Journey,34083,26995
USED,2011,Infiniti,G Sedan,G37 Journey,55778,22000
USED,2011,Infiniti,G Sedan,G37 Journey,38520,26488
USED,2011,Infiniti,G Sedan,G37 Sport,34861,26997
USED,2011,Infiniti,G Sedan,G37 Journey,26070,26488
USED,2011,Infiniti,G Sedan,G37 Journey,24964,26995
USED,2012,Infiniti,G Sedan,G37 Journey,25649,27997
USED,2012,Infiniti,G Sedan,G37 Journey,40477,27488
USED,2012,Infiniti,G Sedan,G37 Journey,34688,26997
USED,2012,Infiniti,G Sedan,G37 Journey,31557,28488
USED,2012,Infiniti,G Sedan,G37 Journey,34243,27995
USED,2011,Infiniti,G Sedan,G37 Journey,24212,24999
USED,2013,Infiniti,G Sedan,G37 Journey,24504,27981
USED,2012,Infiniti,G Sedan,G37 Journey,54317,24988
USED,2011,Infiniti,G Sedan,G37 Journey,39934,23988
USED,2011,Infiniti,G Sedan,G37 Journey,25123,23588
USED,2011,Infiniti,G Sedan,G37 Journey,33757,22988
USED,2011,Infiniti,G Sedan,G37 Sport Appearance Edition,39080,24988
USED,2011,Infiniti,G Sedan,G37 Journey,35755,22981
USED,2011,Infiniti,G Sedan,G37 Journey,17780,26568
USED,2011,Infiniti,G Sedan,G37 Journey,63833,19988
USED,2011,Infiniti,G Sedan,G37 Journey,37461,24981
USED,2012,Infiniti,G Sedan,G37 Journey,32378,25976
USED,2013,Infiniti,G Sedan,G37 Journey,22165,26738
USED,2013,Infiniti,G Sedan,G37 Journey,18379,27481
USED,2013,Infiniti,G Sedan,G37x,37527,26688
USED,2011,Infiniti,G Sedan,G37 Journey,34526,22987
USED,2011,Infiniti,G Sedan,G37 Journey,50208,22481
USED,2012,Infiniti,G Sedan,G25 Journey,23830,23281
USED,2013,Infiniti,G Sedan,G37 Journey,23835,27891
USED,2012,Infiniti,G Sedan,G37 Journey,31852,25985
USED,2012,Infiniti,G Sedan,G37 Journey,24873,25682
USED,2012,Infiniti,G Sedan,G25 Journey,20601,21888
USED,2012,Infiniti,G Sedan,G37 Journey,39661,22888
USED,2013,Infiniti,G Sedan,G37 Journey,12275,26600
USED,2011,Infiniti,G Sedan,G37 Sport Appearance Edition,28160,23991
USED,2012,Infiniti,G Sedan,G37x,57827,21998
USED,2013,Infiniti,G Sedan,G37 Journey,21797,27581
USED,2012,Infiniti,G Sedan,G37 Journey,27924,26581
USED,2013,Infiniti,G Sedan,G37x,19387,25991
USED,2013,Infiniti,G Sedan,G37 Journey,16396,26988
USED,2012,Infiniti,G Sedan,G37 Journey,10282,26488
USED,2012,Infiniti,G Sedan,G25 Journey,28952,22900
USED,2011,Infiniti,G Sedan,G37 Journey,29095,23900
USED,2012,Infiniti,G Sedan,G37 Journey,21085,26999
USED,2011,Infiniti,G Sedan,G37 Journey,34567,24991
USED,2013,Infiniti,G Sedan,G37 Journey,23764,27491
USED,2013,Infiniti,G Sedan,G37 Journey,20769,27491
USED,2013,Infiniti,G Sedan,G37 Journey,18693,27991
USED,2013,Infiniti,G Sedan,G37 Journey,30828,27995
USED,2012,Infiniti,G Sedan,G37 Journey,15000,24890
USED,2011,Infiniti,G Sedan,G25x,20105,22998
USED,2012,Infiniti,G Sedan,G25 Journey,16803,23599
USED,2012,Infiniti,G Sedan,G25 Journey,22419,23599
USED,2013,Infiniti,G Sedan,G37 Journey,23120,24998
USED,2012,Infiniti,G Sedan,G37 Journey,17257,24599
USED,2011,Infiniti,G Sedan,G25 Journey,35009,19998
USED,2011,Infiniti,G Sedan,G37 Journey,40670,22599
USED,2013,Infiniti,G Sedan,G37 Journey,15260,27998
USED,2011,Infiniti,G Sedan,G37 Journey,39839,21599
USED,2011,Infiniti,G Sedan,G37 Journey,51542,21998
USED,2013,Infiniti,G Sedan,G37x,14272,29998
USED,2013,Infiniti,G Sedan,G37 Journey,20105,29998
USED,2013,Infiniti,G Sedan,G37 Journey,48156,26998
USED,2013,Infiniti,G Sedan,G37 Journey,23000,29998
USED,2011,Infiniti,G Sedan,G37 Journey,58475,23998
USED,2013,Infiniti,G Sedan,G37 Journey,23156,26998
USED,2012,Infiniti,G Sedan,G25 Journey,35823,22498
USED,2013,Infiniti,G Sedan,G37x,45866,26998
USED,2012,Infiniti,G Sedan,G37 Journey,47000,25998
USED,2013,Infiniti,G Sedan,G37x,51094,23970
USED,2012,Infiniti,G Sedan,G37 Journey,32083,22998
USED,2011,Infiniti,G Sedan,G25 Journey,9081,22599
USED,2011,Infiniti,G Sedan,G25 Journey,37835,20599
USED,2013,Infiniti,G Sedan,G37 Journey,19934,26998
USED,2011,Infiniti,G Sedan,G37 Journey,38783,22998
USED,2013,Infiniti,G Sedan,G37 Journey,23577,25998
USED,2012,Infiniti,G Sedan,G37 Journey,42584,23975
USED,2013,Infiniti,G Sedan,G37x,47028,24995
USED,2013,Infiniti,G Sedan,G37 Journey,14086,28998
USED,2011,Infiniti,G Sedan,G37 Journey,23484,24599
USED,2011,Infiniti,G Sedan,G25 Journey,31754,20998
USED,2012,Infiniti,G Sedan,G25 Journey,24084,23599
USED,2011,Infiniti,G Sedan,G25 Journey,32000,20998
USED,2013,Infiniti,G Sedan,G37 Journey,28927,25998
USED,2012,Infiniti,G Sedan,G25 Journey,20353,23599
USED,2012,Infiniti,G Sedan,G25 Journey,17866,23998
USED,2011,Infiniti,G Sedan,G25 Journey,28080,20998
USED,2011,Infiniti,G Sedan,G25 Journey,19926,21599
USED,2011,Infiniti,G Sedan,G25 Journey,33505,20599
USED,2012,Infiniti,G Sedan,G37 Journey,33857,24599
USED,2011,Infiniti,G Sedan,G25 Journey,32732,20998
USED,2011,Infiniti,G Sedan,G37 Journey,17180,24998
USED,2013,Infiniti,G Sedan,G37 Journey,14950,25998
USED,2011,Infiniti,G Sedan,G25 Journey,31860,20998
USED,2012,Infiniti,G Sedan,G25 Journey,21502,22998
USED,2013,Infiniti,G Sedan,G37x,17683,24998
USED,2013,Infiniti,G Sedan,G37 Journey,24468,25998
USED,2013,Infiniti,G Sedan,G37x,21971,26998
USED,2012,Infiniti,G Sedan,G37 Journey,19488,22998
USED,2011,Infiniti,G Sedan,G37 Journey,19910,21599
USED,2013,Infiniti,G Sedan,G37x,14405,24998
USED,2011,Infiniti,G Sedan,G37 Journey,47297,21998
USED,2013,Infiniti,G Sedan,G37 Journey,35371,25999
USED,2013,Infiniti,G Sedan,G37x,45354,24998
USED,2013,Infiniti,G Sedan,G37 Journey,25269,27995
USED,2012,Infiniti,G Sedan,G37x,17017,25960
USED,2011,Infiniti,G Sedan,G37 Journey,39485,22900
USED,2011,Infiniti,G Sedan,G37 Journey,21714,26997
USED,2013,Infiniti,G Sedan,G37 Journey,19720,27588
USED,2011,Infiniti,G Sedan,G37 Journey,49852,24988
USED,2011,Infiniti,G Sedan,G37 Journey,24069,23988
USED,2013,Infiniti,G Sedan,G37x,41091,23939
USED,2013,Infiniti,G Sedan,G37 Journey,17746,27295
USED,2013,Infiniti,G Sedan,G37x,14385,27995
USED,2011,Infiniti,G Sedan,G37x,11528,27495
USED,2013,Infiniti,G Sedan,G37 Journey,19551,26995
USED,2013,Infiniti,G Sedan,G37 Journey,15414,27495
USED,2012,Infiniti,G Sedan,G37 Journey,14759,27995
USED,2013,Infiniti,G Sedan,G37 Journey,12458,28495
USED,2013,Infiniti,G Sedan,G37 Journey,17365,27295
USED,2013,Infiniti,G Sedan,G37 Journey,10550,27495
USED,2011,Infiniti,G Sedan,G37 Journey,28907,24995
USED,2013,Infiniti,G Sedan,G37 Journey,19394,26995
USED,2013,Infiniti,G Sedan,G37 Journey,20408,26495
USED,2011,Infiniti,G Sedan,G37 Journey,38896,24995
USED,2012,Infiniti,G Sedan,G37 Journey,24195,26995
USED,2013,Infiniti,G Sedan,G37 Journey,16215,27495
USED,2013,Infiniti,G Sedan,G37 Journey,17916,27295
USED,2013,Infiniti,G Sedan,G37 Journey,19524,26995
USED,2013,Infiniti,G Sedan,G37 Journey,11043,27995
USED,2013,Infiniti,G Sedan,G37 Journey,24094,27995
USED,2011,Infiniti,G Sedan,G37 Journey,46426,24995
USED,2012,Infiniti,G Sedan,G37 Journey,18865,25981
USED,2013,Infiniti,G Sedan,G37 Journey,16696,25981
USED,2013,Infiniti,G Sedan,G37 Journey,18013,26981
USED,2012,Infiniti,G Sedan,G37 Journey,17948,25981
USED,2013,Infiniti,G Sedan,G37 Journey,29714,30999
USED,2011,Infiniti,G Sedan,G37 Journey,32734,22995
USED,2012,Infiniti,G Sedan,G37 Journey,40956,24991
USED,2011,Infiniti,G Sedan,G37 Journey,25719,24888
USED,2013,Infiniti,G Sedan,G37 Journey,36931,25888
USED,2013,Infiniti,G Sedan,G37 Journey,54284,23988
USED,2012,Infiniti,G Sedan,G37 Journey,28344,24998
USED,2012,Infiniti,G Sedan,G37 Journey,23967,24999
USED,2012,Infiniti,G Sedan,G37 Journey,24991,24352
USED,2011,Infiniti,G Sedan,G37 Journey,48732,23888
USED,2012,Lexus,RX 350,Base,26777,33588
USED,2012,Lexus,RX 350,Base,42297,35988
USED,2012,Lexus,RX 350,Base,24006,35988
USED,2010,Lexus,RX 350,Base,37530,32222
USED,2012,Lexus,RX 350,Base,37193,30988
USED,2009,Lexus,RX 350,Base,74588,21774
USED,2007,Lexus,RX 350,Base,109816,14991
USED,2007,Lexus,RX 350,Base,117773,14584
USED,2009,Lexus,RX 350,Base,79012,21988
USED,2011,Lexus,RX 350,Base,37500,32888
USED,2012,Lexus,RX 350,Base,37091,32888
USED,2012,Lexus,RX 350,Base,34513,34888
USED,2012,Lexus,RX 350,Base,25864,35988
USED,2012,Lexus,RX 350,Base,26711,34888
USED,2012,Lexus,RX 350,Base,29571,33888
USED,2012,Lexus,RX 350,Base,21695,35888
USED,2013,Lexus,RX 350,Base,23588,38888
USED,2013,Lexus,RX 350,Base,21528,38888
USED,2011,Lexus,RX 350,Base,48021,30888
USED,2011,Lexus,RX 350,Base,34520,32988
USED,2012,Lexus,RX 350,Base,29068,34888
USED,2012,Lexus,RX 350,Base,29585,33888
USED,2013,Lexus,RX 350,Base,25730,38888
USED,2013,Lexus,RX 350,Base,22457,39888
USED,2012,Lexus,RX 350,Base,20821,33000
USED,2012,Lexus,RX 350,Base,36020,36988
USED,2012,Lexus,RX 350,Base,47059,36988
USED,2012,Lexus,RX 350,Base,46655,35988
USED,2012,Lexus,RX 350,Base,52762,34988
USED,2012,Lexus,RX 350,Base,40594,36988
USED,2012,Lexus,RX 350,Base,22176,38988
USED,2012,Lexus,RX 350,Base,35046,37988
USED,2012,Lexus,RX 350,Base,49960,34988
USED,2010,Lexus,RX 350,Base,52940,31988
USED,2012,Lexus,RX 350,Base,51710,34988
USED,2012,Lexus,RX 350,Base,23509,37988
USED,2012,Lexus,RX 350,Base,34026,32988
USED,2011,Lexus,RX 350,Base,48185,34988
USED,2012,Lexus,RX 350,Base,39820,33988
USED,2013,Lexus,RX 350,Base,12918,41988
USED,2013,Lexus,RX 350,Base,27122,39988
USED,2011,Lexus,RX 350,Base,47114,34988
USED,2012,Lexus,RX 350,Base,30692,37988
USED,2013,Lexus,RX 350,Base,35363,37988
USED,2010,Lexus,RX 350,Base,54728,32988
USED,2010,Lexus,RX 350,Base,62728,26988
USED,2013,Lexus,RX 350,Base,27169,40988
USED,2013,Lexus,RX 350,Base,28756,39988
USED,2011,Lexus,RX 350,Base,30513,29591
USED,2010,Lexus,RX 350,Base,52292,24584
USED,2013,Lexus,RX 350,F Sport,14283,39991
USED,2008,Lexus,RX 350,Base,91590,17588
USED,2009,Lexus,RX 350,Base,80035,21988
USED,2013,Lexus,RX 350,Base,28586,38888
USED,2013,Lexus,RX 350,Base,20690,37888
USED,2012,Lexus,RX 350,Base,30865,33998
USED,2012,Lexus,RX 350,Base,35542,33998
USED,2012,Lexus,RX 350,Base,29886,32888
USED,2012,Lexus,RX 350,Base,23626,33888
USED,2013,Lexus,RX 350,Base,21054,39888
USED,2012,Lexus,RX 350,Base,27303,36988
USED,2013,Lexus,RX 350,Base,18095,39888
USED,2012,Lexus,RX 350,Base,29088,32988
USED,2010,Lexus,RX 350,Base,49698,28991
USED,2009,Lexus,RX 350,Base,42261,24981
USED,2011,Lexus,RX 350,Base,93543,23991
USED,2010,Lexus,RX 350,Base,61576,28982
USED,2012,Lexus,RX 350,Base,30765,34981
USED,2012,Lexus,RX 350,Base,39762,35982
USED,2013,Lexus,RX 350,Base,23911,39981
USED,2012,Lexus,RX 350,Base,37663,33884
USED,2008,Lexus,RX 350,Base,71185,18777
USED,2007,Lexus,RX 350,Base,109719,15998
USED,2012,Lexus,RX 350,Base,53851,32980
USED,2012,Lexus,RX 350,Base,44408,33980
USED,2012,Lexus,RX 350,Base,40800,33980
USED,2010,Lexus,RX 350,Base,83851,26980
USED,2012,Lexus,RX 350,Base,34287,34980
USED,2012,Lexus,RX 350,Base,51856,32980
USED,2012,Lexus,RX 350,Base,65480,31980
USED,2012,Lexus,RX 350,Base,44698,33980
USED,2013,Lexus,RX 350,Base,48251,35980
USED,2013,Lexus,RX 350,Base,41131,36980
USED,2012,Lexus,RX 350,Base,45430,33980
USED,2012,Lexus,RX 350,Base,43401,33980
USED,2012,Lexus,RX 350,Base,44208,33980
USED,2012,Lexus,RX 350,Base,40220,34980
USED,2010,Lexus,RX 350,Base,45184,29980
USED,2012,Lexus,RX 350,Base,45042,32980
USED,2012,Lexus,RX 350,Base,33119,34980
USED,2012,Lexus,RX 350,Base,35334,34980
USED,2010,Lexus,RX 350,Base,57116,28980
USED,2012,Lexus,RX 350,Base,42742,32980
USED,2012,Lexus,RX 350,Base,35556,32980
USED,2012,Lexus,RX 350,Base,20508,32980
USED,2013,Lexus,RX 350,Base,18635,39980
USED,2012,Lexus,RX 350,Base,31883,34980
USED,2011,Lexus,RX 350,Base,45793,29987
USED,2012,Lexus,RX 350,Base,34205,33997
USED,2009,Lexus,RX 350,Base,78773,20489
USED,2011,Lexus,RX 350,Base,68729,28991
USED,2009,Lexus,RX 350,Base,52732,21900
USED,2011,Lexus,RX 350,Base,42791,33188
USED,2013,Lexus,RX 350,Base,22679,39788
USED,2013,Lexus,RX 350,Base,15182,41988
USED,2013,Lexus,RX 350,Base,14718,39888
USED,2012,Lexus,RX 350,Base,30583,34988
USED,2012,Lexus,RX 350,Base,34110,36988
USED,2012,Lexus,RX 350,Base,61721,32988
USED,2013,Volkswagen,Jetta,SE PZEV,28648,13950
USED,2007,Volkswagen,Jetta,Wolfsburg Edition PZEV,79682,8988
USED,2007,Volkswagen,Jetta,2.5 PZEV,99000,8555
USED,2003,Volkswagen,Jetta,GL TDI,144303,5495
USED,2013,Volkswagen,Jetta,SE PZEV,38992,14599
USED,2012,Volkswagen,Jetta,SE PZEV,24635,14988
USED,2010,Volkswagen,Jetta,TDI,105785,12591
USED,2013,Volkswagen,Jetta,SE PZEV,41730,13744
USED,2013,Volkswagen,Jetta,SE PZEV,35943,14644
USED,2013,Volkswagen,Jetta,SE PZEV,38527,13884
USED,2003,Volkswagen,Jetta,GLS TDI,206173,5988
USED,2012,Volkswagen,Jetta,SE PZEV,39458,13750
USED,2011,Volkswagen,Jetta,SE PZEV,28977,13988
USED,2001,Volkswagen,Jetta,GLS,57518,6988
USED,2010,Volkswagen,Jetta,SportWagen TDI,57144,15888
USED,2004,Volkswagen,Jetta,GLS 1.8T,100210,6492
USED,2013,Volkswagen,Jetta,TDI,41401,18991
USED,2011,Volkswagen,Jetta,SE PZEV,73577,10991
USED,2007,Volkswagen,Jetta,Wolfsburg Edition PZEV,80090,9500
USED,2013,Volkswagen,Jetta,SE PZEV,39104,14500
USED,2001,Volkswagen,Jetta,GLS,117185,5385
USED,2011,Volkswagen,Jetta,SE PZEV,32582,14388
USED,2013,Volkswagen,Jetta,SE PZEV,36477,14799
USED,2011,Volkswagen,Jetta,TDI,46000,15992
USED,2013,Volkswagen,Jetta,S,34466,14991
USED,2005,Volkswagen,Jetta,2.5 PZEV,82145,7594
USED,2008,Volkswagen,Jetta,SEL PZEV,96637,9998
USED,2012,Volkswagen,Jetta,SE PZEV,66457,10977
USED,2010,Volkswagen,Jetta,SportWagen S PZEV,78500,13998
USED,2007,Volkswagen,Jetta,2.5 PZEV,152592,6997
USED,2006,Volkswagen,Jetta,GLI,83525,10999
USED,2000,Volkswagen,Jetta,GLS,105448,5999
USED,2012,Volkswagen,Jetta,SE PZEV,42548,12852
USED,2003,Volkswagen,Jetta,Wolfsburg Edition,109744,6991
USED,2007,Volkswagen,Jetta,Wolfsburg Edition,149120,8991
USED,2007,Volkswagen,Jetta,Wolfsburg Edition PZEV,125209,8891
USED,2012,Volkswagen,Jetta,S,28391,12988
USED,2013,Volkswagen,Jetta,SE PZEV,55136,14988
USED,2013,Volkswagen,Jetta,SE PZEV,34739,13995
USED,2012,Volkswagen,Jetta,SEL Premium PZEV,34961,14995
USED,2010,Volkswagen,Jetta,Limited Edition PZEV,73659,9980
USED,2012,Volkswagen,Jetta,SE PZEV,20880,16000
USED,2012,Volkswagen,Jetta,SE PZEV,29424,16000
USED,2012,Volkswagen,Jetta,S,28825,13800
USED,2012,Volkswagen,Jetta,TDI,26360,18995
USED,2012,Volkswagen,Jetta,S,18744,14000
USED,2012,Volkswagen,Jetta,Base,9446,14500
USED,2013,Volkswagen,Jetta,S,10626,16000
USED,2010,Volkswagen,Jetta,Limited Edition PZEV,48426,12500
USED,2002,Volkswagen,Jetta,GLS 1.8T,145023,6000
USED,2010,Volkswagen,Jetta,Limited Edition PZEV,70529,11000
USED,2012,Volkswagen,Jetta,SEL PZEV,17311,18352
USED,2011,Volkswagen,Jetta,SEL PZEV,38731,14888
USED,2012,Volkswagen,Jetta,SE PZEV,22550,15888
USED,2009,Volkswagen,Jetta,SportWagen S PZEV,71241,11000
USED,2013,Volkswagen,Jetta,SE PZEV,39096,14900
USED,2012,Volkswagen,Jetta,TDI,64580,15995
USED,2010,Volkswagen,Jetta,Limited Edition PZEV,43583,11793
USED,2004,Volkswagen,Jetta,GLS,92206,5981
USED,2009,Volkswagen,Jetta,S PZEV,33628,10800
USED,2009,Volkswagen,Jetta,TDI,97551,10991
USED,2001,Volkswagen,Jetta,GLS VR6,184102,3994
USED,2008,Volkswagen,Jetta,S PZEV,92500,8995
USED,2011,Volkswagen,Jetta,SE PZEV,54736,12888
USED,2012,Volkswagen,Jetta,S,30613,13988
USED,2011,Volkswagen,Jetta,TDI,49722,15999
USED,2013,Volkswagen,Jetta,SE PZEV,37749,13998
USED,2013,Volkswagen,Jetta,S,13492,14998
USED,2013,Volkswagen,Jetta,SE PZEV,36193,13998
USED,2010,Volkswagen,Jetta,S PZEV,60201,11599
USED,2013,Volkswagen,Jetta,S,41039,13998
USED,2013,Volkswagen,Jetta,SE PZEV,35180,14599
USED,2013,Volkswagen,Jetta,SE PZEV,37893,13998
USED,2013,Volkswagen,Jetta,SE PZEV,35563,13998
USED,2011,Volkswagen,Jetta,SE,34607,13998
USED,2013,Volkswagen,Jetta,SE PZEV,36706,13998
USED,2013,Volkswagen,Jetta,SE PZEV,35925,13998
USED,2011,Volkswagen,Jetta,S,32692,13599
USED,2013,Volkswagen,Jetta,S,10860,15998
USED,2010,Volkswagen,Jetta,Limited Edition PZEV,70405,11998
USED,2011,Volkswagen,Jetta,Base,26016,11998
USED,2013,Volkswagen,Jetta,SE PZEV,37170,14998
USED,2013,Volkswagen,Jetta,SE PZEV,34248,13599
USED,2013,Volkswagen,Jetta,SE PZEV,40228,12998
USED,2013,Volkswagen,Jetta,TDI,14885,21998
USED,2003,Volkswagen,Jetta,GL 1.8T,149686,9998
USED,2012,Volkswagen,Jetta,S,39863,13998
USED,2013,Volkswagen,Jetta,SE PZEV,38586,14498
USED,2011,Volkswagen,Jetta,S,48310,12998
USED,2011,Volkswagen,Jetta,SE PZEV,62062,12998
USED,2013,Volkswagen,Jetta,SE PZEV,55770,15870
USED,2010,Volkswagen,Jetta,TDI,189676,9999
USED,2004,Volkswagen,Jetta,GL 1.8T,89553,5999
USED,2013,Volkswagen,Jetta,SE PZEV,44900,14988
USED,2013,Volkswagen,Jetta,SE PZEV,35907,14980
USED,2013,Volkswagen,Jetta,SE PZEV,36684,14988
USED,2013,Volkswagen,Jetta,TDI,40318,19988
USED,2013,Volkswagen,Jetta,SE PZEV,37596,13899
USED,2013,Volkswagen,Jetta,SE PZEV,35748,14671
USED,2013,Volkswagen,Jetta,SE PZEV,40026,14599
USED,2013,Volkswagen,Jetta,S,19004,15599
USED,2011,Volkswagen,Jetta,SE PZEV,23336,14998
USED,2012,Volkswagen,Jetta,SE PZEV,39340,14998
USED,2013,Volkswagen,Jetta,SE PZEV,19793,15998
USED,2012,Volkswagen,Jetta,SE PZEV,34136,13988
USED,2010,Volkswagen,Jetta,SportWagen TDI,118585,12750
USED,2013,Volkswagen,Jetta,TDI,44235,18400
USED,2009,Volkswagen,Jetta,SportWagen S,77211,11000
USED,2012,Volkswagen,Jetta,TDI,31161,19988
USED,2013,Volkswagen,Jetta,S,25381,13988
USED,2013,Volkswagen,Jetta,SE PZEV,36695,14988
USED,2013,Volkswagen,Jetta,S,45236,13998
USED,2012,Volkswagen,Jetta,S,18640,14599
USED,2013,Volkswagen,Jetta,SE PZEV,38781,13998
USED,2013,Volkswagen,Jetta,SE PZEV,34432,13599
USED,2012,Volkswagen,Jetta,S,26045,14599
USED,2011,Volkswagen,Jetta,S,59903,12998
USED,2012,Volkswagen,Jetta,S,41402,13998
USED,2013,Volkswagen,Jetta,SE PZEV,38324,13599
USED,2012,Volkswagen,Jetta,S,16049,14599
USED,2012,Volkswagen,Jetta,SE PZEV,31889,14998
USED,2013,Volkswagen,Jetta,SE PZEV,39233,14599
USED,2013,Volkswagen,Jetta,SE PZEV,35939,13599
USED,2013,Volkswagen,Jetta,SE PZEV,31768,14200
USED,2012,Volkswagen,Jetta,S,65985,13495
USED,2012,Volkswagen,Jetta,SE PZEV,77199,13000
